accession,label,cluster_id,length,sequence,source_toxin,fident
Q910A0,hard_negative,363,138,MRTLWIVAVWLMGVEGHLYQFENMIYQKTGKFAIIAYSNYGCYCGWGGKGKPQDATDRCCFVHDCCYGRVNGCDPKMGTYSYSFQNGDIVCGGDDPCLRAVCECDRVAANCFAENLKTYNKKYWLSSIIDCKEESEKC,P81458,0.7
Q91133,hard_negative,363,146,MTPAHLLILAAVCVSPLGASSSRPMPLNLYQFKNMIQCTVPSRSWWDFADYGCYCGRGGSGTPVDDLDRCCQVHDHCYNEAEKISGCWPYSKTYSYECSQGTLTCKGGNNACAAAVCDCDRLAAICFAGAPYNNNNYNIDLKARCQ,Q9DF33,0.698
P10117,hard_negative,363,118,NLIQFSQLIQCANKGKRPTLHYMDYGCYCGPGGSGTPVDDLDRCCKTNDDCYGQAEKKGCSPLSTNYNFDCFPGGPQCGKGTTCQRFVCDCDLKAALCFAKSPYNNKNFNIDTKKRCK,P00609,0.697
Q8UUI4,hard_negative,363,145,MYPAHLLLLLAVCVSLLGASAIPPLPLNLAQFALVIKCADKGKRPRWHYMDYGCYCGPGGSGTPVDELDRCCKTHDECYAQAEKKGCYPKLTMYSYYCGGDGPYCNSKTECQRFVCDCDVRAADCFARYPYNNKNYNINTSKRCE,P00609,0.697
P19000,hard_negative,363,145,MYPAHLLLLLAVCVSLLGASAIPPLPLNLAQFALVIKCADKGKRPRWHYMDYGCYCGPGGSGTPVDELDRCCKTHDQCYAQAEKKGCYPKLTMYSYYCGGDGPYCNSKTECQRFVCDCDVRAADCFARYPYNNKNYNINTSKRCK,P00609,0.697
P15445,hard_negative,363,119,NLYQFKNMIKCTVPSRSWWDFADYGCYCGRGGSGTPVDDLDRCCQVHDNCYNEAEKISGCWPYFKTYSYECSQGTLTCKGDNNACAASVCDCDRLAAICFAGAPYNDNNYNIDLKARCQ,Q9DF33,0.697
Q8UUI3,hard_negative,363,145,MYPAHLLLLLAVCVSLLGASAIPPLPLNLAQFALVIKCADKGKRPRWHYMDYGCYCGPGGSGTPIDELDRCCKTHDECYAQAEKKGCYPKLTMYSYYCGGDGPYCNSKTECQRFVCDCDVRAADCFARYPYNNKNYNINTSKRCK,P00608,0.697
P20251,hard_negative,363,118,NLIQFGNMIQCANKGSRPTRHYMDYGCYCGWGGSGTPVDELDRCCKVHDDCYGEAEKKGCYPKLTLYSWDCTGNVPICSPKAECKDFVCACDAEAAKCFAKATYNDANWNIDTKTRCK,P00608,0.697
P20250,hard_negative,363,117,NLIQFGNMIQCANKGSRPTRHYMDYGCYCGWGGSGTPVDELDRCCQTHDDCYGEAEKKGCYPKLTLYSWDCTGNVPICSPKAECKDFVCACDAEAAKCFAKATYNDANWNIDTKTRC,P00608,0.694
C0HJC1,hard_negative,363,122,SLLQFREMITKMTGKEPIFFYAFYGCYCGLGGRGKPQDATDRCCFVHDCCYGKVTGCDPKKDIYTYSEENGAFVCGGDDPCKKEICECDKNAAICFRNDLDTYDYKYLLYSPENCQEESEPC,P14418,0.693
P81478,hard_negative,363,122,NLLQFENMIRNVAGRSGIWWYSDYGCYCGKGGHGRPQDASDRCCFVHDCCYGKVNGCNPKKAVYIYSLENGDIVCGGDDPCRKEVCECDKAAAICFRDNKDTYDNKYWNIPSENCQEESEPC,Q7SID6,0.691
Q8JGT9,hard_negative,284,237,MIVFILLSLAAVLRQSFGNVDFNSESPRNPGKQQEIVNIHNSFRRSVRPTARNMLKMEWYSEAASNAERWAYQCAYDHSPRSSRILNGIQCGENIFMASDPWAWTSIIQDWYDEYRNFVYGVGANPPDSVTGHYTQIVWYKSYLVGCAAAYCPSSLYNYFYVCQYCPAGNIQGSTSTPYASGPTCADCPSNCDNGLCTNPCTHKDDYNNCNSLVSDCQSDWDKSHCPATCFCKNKII,Q8JI39,0.691
Q7T2Q4,hard_negative,363,147,MNPAHLLVLSAVCVSLLGAAIVPPQPLNLIQFSSLIQCANGGSRATWHYADYGCYCGKGGGGTPVDELDRCCQTHDNCYGEAEKLTKCSPYYKTYKYDCSEGKLTCNDAPGSCERSVCDCDRVAAICFAGAPYNDKNFMINTETNCQ,Q9DF33,0.691
P70088,hard_negative,363,138,MRTLWIMAVLLVGVEGHLMQFENMIKKVTGRSGIWWYGSYGCYCGKGGQGLPQDASDRCCFVHDCCYGKVNGCDPKDDFYVYSSENRDIVCGEDNPCTKEICECDKAAAICFRDNMDTYQNKYWFYPSSNCNEESEPC,P14418,0.691
Q8UUI1,hard_negative,363,145,MYPAHLLLLLAVCVSLLGASAIPPLPLNLIQFTYLIECANKGRRTSFNYADYGCYCGIGGSGTPVDKLDRCCKTHDECYAQAEKKGCYPKLTMYNYYCGEGGPYCNSKTECQRFVCDCDVRAADCFARYPYNNKNYNINTSKRCK,P00608,0.689
P08873,hard_negative,363,145,MYPAHLLVLLTVCVSLLEASSIPARPLNLYQFGNMIQCANHGRRPTLAYADYGCYCGAGGSGTPVDELDRCCKAHDDCYGEAGKKGCYPTLTLYSWQCIEKTPTCNSKTGCERSVCDCDATAAKCFAKAPYNKKNYNIDTEKRCQ,P00609,0.689
P14615,hard_negative,363,120,NLFQFKNMIQCAGTRSWTDYVSYGCYCGKGGSGTPVDQLDRCCKVHDDCYGDAEKIPKCKPYYKTYSYDCSEGKLTCKADNDECAAFICNCDRVAAICFAGAPYNDNNFMIDSKTRCNDI,Q9DF33,0.689
Q8UUI2,hard_negative,363,145,MYPAHLLLLLAVCVSLLGASAIPPLPLNLIQFTYLIECANKGRRTSFNYADYGCYCGIGGSGTPVDKLDRCCKTHDECYAQAEKKGCYPKLTMYNYYCGGGGPYCNSKTECQRFVCDCDVRAADCFARYPYNNKNYNINTSNRCK,P00609,0.689
P00612,hard_negative,363,118,NLVQFTYLIQCANSGKRASYHYADYGCYCGAGGSGTPVDELDRCCKIHDNCYGEAEKMGCYPKLTMYNYYCGTQSPTCDDKTGCQRYVCACDLEAAKCFARSPYNNKNYNIDTSKRCK,P00609,0.689
Q7T2Q5,hard_negative,363,147,MNPAHLLVLAAVCVSLLGAAIVPPQPLNLYQFNNMIQCANHGNRPTWHYAHYGCYCGKGGGGTAVDELDRCCQTHDNCYGEAEKLPKCSPYYKTYKYDCSEGKLTCKDAPGSCERSVCDCDRVAANCFAGAPYNNDNFFISFKENCQ,Q45Z29,0.688
P60045,hard_negative,363,126,SNRPMPLNLYQFKNMIQCTVPSRSWQDFADYGCYCGKGGSGTPVDDLDRCCQVHDNCYNEAENISGCRPYFKTYSYECTQGTLTCKGDNNACAASVCDCDRLAAICFAGAPYNDANYNIDLKARCN,Q9DF33,0.682
P04057,hard_negative,363,118,NILQFRKMIQCANKGSRAAWHYLDYGCYCGPGGRGTPVDELDRCCKIHDDCYIEAGKDGCYPKLTWYSWDCTGDAPTCNPKSKCKDFVCACDAAAAKCFAKAPYNKANWNIDTKTRCK,P00608,0.68
P00611,hard_negative,363,145,MYPAHLLVLLAVCVSLLGATAIPPLPLNLVQFSNLIQCVNKGSRASYHYADYGCYCGAGGSGTPVDELDRCCKIHDDCYGEAEKMGCYPKWTLYTYDCSTEEPNCSTKTGCQGFVCACDLEAAKCFARSPYNNKNYNIDTSKRCK,P00608,0.68
P24294,hard_negative,363,121,NLYQFGEMISKKTGTFGLFSYVYYGCYCGLGGKGKPLDATDRCCFVHDCCYGRVNGCNPKLSIYSYSFQNGDIVCGDEEDCLRDVCECDRVAAICFGENMNTYNKKYVLYSFKECNESDQC,Q7T3T5,0.68
P20252,hard_negative,363,118,NLIQFSNMIQCANKGSRPSLDYADYGCYCGWGGSGTPVDELDRCCKVHDDCYAEAGKKGCYPKLTLYSWDCTGNVPICNPKTECKDFTCACDAEAAKCFAKAPYKKENWNIDTKTRCK,P00608,0.68
P34180,hard_negative,363,137,MRTLWIVAVCLIGVEGNLYQFGNMIFKMTKKSALLSYSNYGCYCGWGGKGKPQDATDRCCFVHDCCYGRVNGCDPKLSIYSYSFENGDIVCGGDDPCLRAVCECDRVAAICFGENLNTYDKKYKNYPSSHCTETEQC,Q7T3T5,0.676
C0HKB8,hard_negative,363,117,NLIDFKNMIKCTTKRSVLDFADYGCYCGSGGSGTPVDDLDRCCKVHDDCYGEAEKVHGCWPKWTLYSYDCSNGQLTCKDNNTKCKDFVCNCDRTAAICFAKAPYDDNNFMINNPRCQ,A4FS04,0.672
P20257,hard_negative,363,118,NILQFRKMIQCANKGSRAAWHYLDYGCYCGPGGRGTPVDELDRCCKIHDDCYIEAGKDGCYPKLTWYSWQCTGDAPTCNPKSKCKDFVCACDAAAAKCFAKAAYNKANWNIDTKTRCK,P00608,0.672
Q910A1,hard_negative,363,138,MRILWIVAVCLIGAEGHLSQFGDMINKKTGIFGIMSYIYYGCYCGWGGKGKPLDATDRCCFVHDCCYGRVNGCDPKMGTYSYSFQNGDIVCGGDDPCLRAVCECDRVAAICFGENMNTYDKKYMLYSLFDCKEESEQC,Q1RP79,0.666
P00607,hard_negative,363,119,NLVQFSNMIQCANHGSRPSLAYADYGCYCSAGGSGTPVDELDRCCKTHDDCYARATKSYSCTPYWTLYSWQCIEKTPTCDSKTGCQRFVCDCDATAAKCFAKAPYNKENYNIDPKKRCQ,P00608,0.666
P20256,hard_negative,363,118,NLIQFGNMIQCANKGSRPSLDYADYGCYCGWGGSGTPVDELDRCCQTHDNCYEQAGKKGCFPKLTLYSWKCTGNAPTCNSKPGCKRFVCACDAAAAKCFAKAPYKKENYNIDTKKRCK,P00608,0.663
P25498,hard_negative,363,119,NLYQFKNMIKCTVPSRSWLDFANYGCYCGRGGSGTPVDDLDRCCQIHDNCYNEAGKISGCWPYFKTYSYECSQGTLTCKGDNNSCAASVCDCDRLAAICFAGAPYNNDNYNINLKARCQ,Q9DF33,0.663
P00616,hard_negative,363,152,MHPAHLLVLLAVCVSLLGSSEIPQPSLDFEQFSNMIQCTIPCGESCLAYMDYGCYCGPGGSGTPIDDLDRCCKTHDECYAEAGKLSACKSVLSEPNNDTYSYECNEGQLTCNDDNDECKAFICNCDRTAVTCFAGAPYNDLNYNIGMIEHCK,Q45Z29,0.662
O42190,hard_negative,363,124,NLLQFEKMIKKMTGKEPVVSYAFYGCYCGSGGQGKPKDATDRCCFVHDCCYGKVTGCDPKMDVYSFSEENGDIVCGGDDPCKKEICECDRAAAICFRDNLNTYNDKKYWAFGAKNCPQEESEAC,P82896,0.661
P0C551,hard_negative,363,142,AVCVSLLGASIIPPQPLDLLQFNEMIECTIPGSFPLLDYMDYGCYCGTGGRGTPVDALDRCCKEHDDCYAQIKENPKCSSLLNVPYVKQYSYTCSEGNLTCSADNDECAAFICNCDRTAALCFAEVPYKRRNFRIDYKSRCQ,P80966,0.659
Q5G291,hard_negative,363,125,SNRPMPLNTYQFRNMIQCTVPSRSWWDFADYGCYCGCGSGTPVDDLDRCCQVHCNCYRQAGEISGCRPKFKTYTYECSGGTLTCKGDNNACAASSCDCDRLAAICFAGAPYNDNNYNIDLKARCN,Q9DF33,0.658
Q5G290,hard_negative,363,125,SNRPMPLNIKQFNNMIQCTVPARSWWDFADYGCYCGSGSGSPVDDLDRCCQVHDNCYNAGGGVTGCAPKSKTYTYECSQGTLTCSGENSACAATVCDCDRLAAICFAGAPYNDNNYNIDLKSRCQ,Q9DF33,0.658
P20146,hard_negative,363,145,MYPAHLLVLLAVCVSLLGAASIPPLPLNVAQFDNMIECANYGSRPSWHYMEYGCYCGKEGSGTPVDELDRCCKAHDDCYTEAEKRRCHPKFSAYSWKCGSDGPTCDPETGCKRTVCDCDATAAKCFAKAPFNQANWNIDTETHCQ,P00608,0.655
P20255,hard_negative,363,118,NLIQFGNMIQCANKGSRPSLNYADYGCYCGWGGSGTPVDELDRCCQVHDNCYEQAGKKGCFPKLTLYSWKCTGNVPTCNSKTGCKSFVCACDAAAAKCFAKAPYKKENYNIDTKKRCK,P00608,0.655
P24293,hard_negative,363,121,NLYQFGKMIFKMTGKSALLSYSDYGCYCGWGGKGKPLDATDRCCFVHDCCYGRVNGCNPKLSTYSYSFQNGDIVCGDDNACLRAVCECDRVAAICFGENLNTYDRKYKDYPSSQCTETEQC,P14420,0.655
Q8UW31,hard_negative,363,152,MYPAHLLGLLAVCVSLLGAASIPPLPLNLYQFKNMIQCANHGSRMTLDYMDYGCYCGTGGSGTPVDELDRCCKIHDDCYGEAEKLPACNYMLSGPYYNLYTYDCVEHQLTCKDNNDECKAFICNCDRTAAICFAGAPYNKENYNIDLNKHCQ,Q9DF33,0.655
P07037,hard_negative,363,119,NLYQFKNMIQCTVPNRSWWHFADYGCFCGYGGSGTPVDELDRCCQTHDNCYSEAEKLSGCKPYIKTYSYDCSQGKLTCSGNDDKCAAFVCNCDRVAAICFAGAPYIDDNYNVDLNERCQ,Q9DF33,0.655
P04056,hard_negative,363,118,NLIQFGNMIQCANKGSRPSLDYADYGCYCGWGGSGTPVDELDRCCQVHDNCYEQAGKKGCFPKLTLYSWKCTGNVPTCNSKPGCKSFVCACDAAAAKCFAKAPYKKENYNIDTKKRCK,P00608,0.655
P0CB15,hard_negative,284,221,TVDFASESANERETQKEILDKHNALRRSVRPTARNMLQMEWNFNAAQNATRWADRCSFAHSPQHLRTVGELKCGENLFMSSHPFPWTRVIQSWYDENKNFKYGVGANPPNAVIGHYTQIVWYKSYLLGCAAARCPSSSYNYYYVCHYCPAGNIIGKIATPYKSGPPCGDCPSACVNGLCTNPCKHVDRYSNCNSLVQQISCQSNNMNTDCPASCFCHNEIK,Q8JI39,0.654
Q8JFB2,hard_negative,363,152,MNPAHLLVLLAVCVSLLGASTIPPLPLNLVQFSNMIKCTIPGSRPLLDYADYGCYCGAGGSGTPVDELDRCCQTHDNCYSQAKKHPACKSPLDSPYIKIYSYTCSGGSLTCRDDNDECGAFICNCDRTAAICFAGAPYNKENYNIDTKKHCK,P00598,0.651
P60044,hard_negative,363,126,SNRPMPLNRWQFKNMISCTVPSRSWWDFADYGCYCGRGGSGTPVDDLDRCCQVHDNCYNEAEKISGCNPRFRTYSYECTAGTLTCTGRNNACAASVCDCDRLAAICFAGAPYNDNNYNIDLQARCN,Q9DF33,0.65
P00606,hard_negative,363,145,MNPAHLLILSAVCVSLLGAANVPPQHLNLYQFKNMIVCAGTRPWIGYVNYGCYCGAGGSGTPVDELDRCCYVHDNCYGEAEKIPGCNPKTKTYSYTCTKPNLTCTDAAGTCARIVCDCDRTAAICFAAAPYNINNFMISSSTHCQ,P00598,0.65
Q4VRI5,hard_negative,363,154,MHPAHLLVLLAVCVSLLGAARIPPLPLSLLNFANLIECANHGTRSALAYADYGCYCGKGGRGTPLDDLDRCCHVHDDCYGEAEKLPACNYLMSSPYFNSYSYKCNEGKVTCTDDNDECKAFICNCDRTAAICFAGATYNDENFMISKKRNDICQ,P80966,0.648
P20253,hard_negative,363,118,NLIQFKSIIECANRGSRRWLDYADYGCYCGWGGSGTPVDELDRCCKVHDECYGEAVKQGCFPKLTVYSWKCTENVPICDSRSKCKDFVCACDAAAAKCFAKAPYNKDNYNIDTKTRCQ,P00608,0.647
P51972,hard_negative,363,123,NLFQFEKLIKKMTGKSGMLWYSAYGCYCGWGGQGRPKDATDRCCFVHDCCYGKVTGCNPKMDIYTYSVDNGNIVCGGTNPCKKQICECDRAAAICFRDNLKTYDSKTYWKYPKKNCKEESEPC,P81458,0.646
C0HKC4,hard_negative,363,123,NLFQFEKLIKKMTGKSGMLWYSAYGCYCGWGGQGRPKDATDRCCFVHDCCYGKVTGCNPKMDIYTYSVDNGNIVCGGTNPCKKQICECDRAAAICFRDNLKTYDSKTYWKYPKKNCKEESEPC,P81458,0.646
C0HKC3,hard_negative,363,139,MRTLWIMAVLLLGVEGNLFQFEKLIKKMTGKSGMLWYSAYGCYCGWGGQGRPKDATDRCCFVHDCCYGKVTGCNPKMDIYTYSVENGNIVCGGTNPCKKQICECDRAAAICFRDNLKTYDSKTYWKYPKKNCKEESEPC,P81458,0.646
O42189,hard_negative,363,124,SLIQFEKMIKKMTGKEPVVSYAFYGCYCGSGGQGKPKDATDRCCFVHDCCYEKVTGCDPKWDDYTYSWKDGDIVCGGDDPCKKEICECDRAAAICFRDNLNTYNDRKYWAFGAKNCPQEESEPC,P82896,0.645
Q8JFG2,hard_negative,363,152,MNPAHLLVLLAVCVSLLGASAIPPLPLNLVQFSNMIKCTIPGSRPLLDYADYGCYCGAGGSGTPVDESDRCCQTHDNCYSQAKKHPACKSPLDSPYIKIYSYTCSGGSLTCRDDNDECGAFICNCDRTAAICFAGAPYNKENYNIDTKKHCK,P00598,0.644
P00597,hard_negative,363,146,MNPAHLLILAAVCVSSLGASSNRPMPLNLYQFKNMIQCTVPSRSWWDFADYGCYCGRGGSGTPVDDLDRCCQVHDNCYNEAEKISGCWPYFKTYSYECSQGTLTCKGGNNACAAAVCDCDRLAAICFAGAPYNNNNYNIDLKARCQ,Q9DF52,0.643
Q75S48,hard_negative,363,152,MNPAYFLVLAAVCVSLLGAANIPPQPLSFYRYTEMIQCTIRGSLTYLDYMDYGCYCGTGSRGTPVDELDRCCQTHDNCYAEAEEHPKCSSLVKSPYMNLYSYTCSGGTITCNADNDECGAFICNCDRTAALCFAKAPYNEENKEIDISKRCQ,P80966,0.642
Q90ZZ9,hard_negative,363,138,MRTLWIVAVWLMSVEGNLYQFGKMIKNKTGKPAMFSYSAYGCYCGWGGQGKPQDASDRCCFVHDCCYTRVNDCSPKMTSYSYSFENRDIICGDDDSCRKAVCECDREAAICLGENVNTYDEKYRFYSSSHCVEETEQC,P81458,0.639
P08872,hard_negative,363,144,MYPAHLLVLLAVCVSLLGASDIPPLPLNLYQFDNMIQCANKGKRATWHYMDYGCYCGSGGSGTPVDALDRCCKAHDDCYGVAEDNGCYPKWTLYSWQCTENVPTCNSESGCQKSVCACDATAAKCFAEAPYNNKNYNINTSNCQ,Q45Z29,0.639
P29601,hard_negative,363,118,NMVQFKSMVQCTSTRPWLDYVDYGCNCDIGGTGTPLDELDRCCQTHANCYTEARKFPECAPYYKTYSYTCSGGTITCNADNDECAASVCNCDRTAALCFAGAPYNQNNFDVDLETRCQ,Q9DF33,0.638
P86368,hard_negative,363,121,SLLEFGMMILEETGKLAVPFYSSYGCYCGWGGKATPKDATDRCCFVHDCCYGNLPDCNPKSDRYKYKRVNGAIVCEQGTSCENRICECDKAAAICFRRNLNTYSKIYMLYPDFLCKGELKC,P14421,0.634
P60043,hard_negative,363,126,SNRPMPLNTYQFKNMIQCTVPKRSWWDFADYGCYCGRGGSGTPIDDLDRCCQVHDNCYNSAREQGGCRPKQKTYSYECKAGTLSCSGSNNSCAATVCDCDRLAAICFAGAPYNDNNYNIDLKARCQ,Q9DF33,0.634
O42188,hard_negative,363,122,NLIQFKKMIKKMTGKEPVVSYAFYGCYCGSGGRGKPKDATDRCCFVHNCCYEKVTGCDPKWDDYTYSWKNGTIVCGGDDPCKKEVCECDKAAAICFRDNLKTYKKRYMTYPNILCSSKSEKC,P81458,0.631
P59172,hard_negative,363,139,MRTLWIVAVWLMGVEGNLYQFGKMIKNKTGKPAMFSYSAYGCYCGWGGQGKPQDPSDRCCFMHDCCYTRVNNCSPKMTLYSYRFENGDIICGDNDPCRKAVCECDREAAICLGENVNTYDEKYRFYSSSYCTEEESEKC,P81458,0.63
P46083,hard_negative,376,146,MSSERTFLPNGNYKIKSLFSDSLYLTYSSGALSFSNTSSLDNQKWKLEYISSSNGFRFSNVAEPNKYLAYNDYGFIYLSSSSNNSLWNPIKIAINSYIICTLSIVNVTDYAWTIYDNNNNITDQPILNLPNFDINNSNQILKLEKL,A5HZZ5,0.63
P59170,hard_negative,363,139,MRTLWIVAVWLVGVEGNLYQFGKMIKNKTGKPAMFSYSAYGCYCGWGGQGKPQDPSDRCCFLHDCCYTRVNNCSPKMTLYSYRFENGDIICGDNDPCRKAVCECDREAAICLGENVNTYDEKYRFYSSSYCTEEESEKC,P81458,0.63
Q9LBR4,hard_negative,376,146,MSSERTFLPNGNYKIKSLFSDSLYLTYSSGSLSFLNTSSLDNQKWKLEYISSSNGFRFSNVAEPNKYLAYNDYGFIYLSSSSNNSLWNPIKIAINSYIICTLSIVNVTDYAWTIYDNNNNITDQPILNLPNFDINNSNQILKLEKL,A5HZZ5,0.63
Q9I842,hard_negative,363,145,MYPAHLLVLLAVCVSLLGASAIPPLPLNLVQFTYLIQCANKGSRPSYHYADYGCYCGAGGSGTPVDELDRCCKVHDDCYGEAEKMGCYPKLTMYNYYCGTEGPYCNTKTDCQRYVCACDLQAAKCFARSPYNNKNYNIDTSKRCK,Q45Z29,0.629
Q9I837,hard_negative,363,145,MYPAHLLVLLAVCVSLLGASAIPPLPLNLVQFTYLIQCANKGSRPSYHYADYGCYCGAGGSGTPVDELDRCCKIHDDCYGEAEKMGCYPKLTMYNYYCGTEGPYCNTKTDCQRYVCACDLKAAKCFARSPYNNKNYNIDTSKRCK,Q45Z29,0.629
Q9I846,hard_negative,363,145,MYPAHLLVLLAVCVSLLGASAIPPLPLNLVQFTYLIQCANKGSRASYHYADYGCYCGAGGSGTPVDELDRCCKVHDDCYGEAEKMGCYPKLTMYNYYCGTEGPYCNTKTDCQRYVCACDLQAAKCFARSPYNNKNYNIDTSKRCK,Q45Z29,0.622
Q9I845,hard_negative,363,145,MYPAHLLVLLAVCVSLLGASTIPPLPLNLVQFTYLIQCANKGSRASYHYADYGCYCGAGGSGTPVDELDRCCKVHDDCYGEAEKMGCYPKLTMYNYYCGTEGPYCNTKTDCQRYVCACDLQAAKCFARSPYNNKNYNIDTSKRCK,Q45Z29,0.622
Q9I844,hard_negative,363,145,MYPAHLLVLLAVCVSLLGASAIPPLPLNLVQFTYLIQCANKGSRASYHYADYGCYCGAGGSGTPVDELDRCCKIHDDCYGEAEKMGCYPKLTMYNYYCGTEGPYCNTKTDCQRYVCACDLQAAKCFARSPYNNKNYNIDTSKRCK,Q45Z29,0.622
C0HKB9,hard_negative,363,119,NLIHFSSMIKCTIPGSKPVPDYSDYGCYCGKGGSGTPVDALDRCCQVHDKCYGDAESIYGCTPFLTYYSYECSERQDLCRGNGTKCKAFVCNCDRLAALCFAKAPYNKKNYNINLNRCK,P00598,0.616
P00601,hard_negative,363,119,NLYQFKNMIHCTVPNRSWWHFANYGCYCGRGGSGTPVDDLDRCCQIHDNCYGEAEKISGCWPYIKTYTYDSCQGTLTSCGAANNCAASVCDCDRVAANCFARAPYIDKNYNIDFNARCQ,Q9DF33,0.616
P59171,hard_negative,363,138,MRTLWIVAVWLIGVEGSVIEFGTMIIEETGRSPFPFYTSYGCYCGLGGKGKPKDDTDRCCFVHDCCYGSMPDCSPKTDIYRYHRENGEIICESGTSCEKRICECDKAAAVCFRENLKTYKNKYMVYPDSLCKEESEKC,P24027,0.615
Q9I843,hard_negative,363,145,MYPAHLLVLLAVCISLLGASAIPPLPLNLVQFTYLIQCANKGSRASYHYADYGCYCGAGGSGTPVDELDRCCKVHDDCYGEAEKMGCYPKLTMYNYYCGTEGPYCNTKTDCQRYVCACDLQAAKCFARSPYNNKNYNIDTSKRCK,Q45Z29,0.615
Q9I847,hard_negative,363,145,MYPAHLLVLLAVCVSLLGASAILPLPLNLVQFTYLIQCANKGSRASYHYADYGCYCGAGGSGTPVDELDRCCKIHDDCYGEAEKMGCYPKLTMYNYYCGTEGPYCSTKTDCQRYVCACDLQAAKCFARSPYNNKNYNIDTSKRCK,Q45Z29,0.615
O42191,hard_negative,363,124,SLLQFETLIMKVAKKSGMVWYSNYGCYCGWGGQGRPQDATDRCCFVHDCCYGKVTGCDPKMDVYSFSEENGDIVCGGDDPCKKEICECDRAAAICFRDNLNTYNDKKYWAFGAKNCPQEESEPC,P81458,0.6
P84651,hard_negative,363,122,HLLQFGDLIDKIAGRSGFWYYGFYGCYCGLGGRGRPQDATDRCCFVHDCCYGKVTGCDPKKDIYTYSEENGAIVCGGDNPCKKEICECDRDAAICFRDNLDTYDNKYWLFPNKYCKEESEPC,Q7T3T5,0.598
P00600,hard_negative,363,119,NLYQFKNMIQCTVPNRSWWHFANYGCYCGRGGSGTPVDDLDRCCQIHDNCYGEAEKISGCWPYIKTYTYESCQGTLTSCGANNKCAASVCDCDRVAANCFARATYNDKNYNIDFNARCQ,Q9DF33,0.596
W5XCJ6,hard_negative,357,154,MGRIIFVSFGLLVVFLSLSGTGADCPSDWSSDEEHCYYVFFLLFTWEEAAKFCTQQANGGHLVSIESVEEAEFVAQLISENIKTSADYVWIGLWNQRKAPYCVSKWTDGSSVIYKNVIERFIKNCFGLEKETNYRTWFNLSCGDDYPFVCKSPA,Q7LZ71,0.596
P00599,hard_negative,363,118,NLYQFKNMIHCTVPNRPWWHFANYGCYCGRGGKGTPVDDLDRCCQIHDKCYDEAEKISGCWPYIKTYTYESCQGTLTCKDGGKCAASVCDCDRVAANCFARATYNDKNYNIDFNARCQ,Q9DF52,0.596
P00615,hard_negative,363,145,MHPAHLLVLLAVCVSLLGASDIPPLPLNLVQFGKMIECAIRNRRPALDFMNYGCYCGKGGSGTPVDDLDRCCQVHDECYAEAEKHGCYPSLTTYTWECRQVGPYCNSKTQCEVFVCACDFAAAKCFAQEDYNPAHSNINTGERCK,Q45Z29,0.589
P04055,hard_negative,363,146,MKLLLLAALLTAGVTAHSISTRAVWQFRNMIKCTIPGSDPLREYNNYGCYCGLGGSGTPVDDLDRCCQTHDHCYNQAKKLESCKFLIDNPYTNTYSYKCSGNVITCSDKNNDCESFICNCDRQAAICFSKVPYNKEYKDLDTKKHC,Q6SLM2,0.585
C0HMB2,hard_negative,363,122,HLLQFGDLINKIARRNGILYYGFYGCYCGLGGRGRPQDATDRCCFVHDCCYGKVTGCDPKNDIYTYSEENGAIVCGGDNPCKKEICECDRDAAICFRDNLDTYDNKYWFFPRKYCKEESEPC,C0HM14,0.581
P06596,hard_negative,363,146,MKFLVLAALLTVAAAEGGISPRAVWQFRNMIKCTIPESDPLKDYNDYGCYCGLGGSGTPVDELDKCCQTHDHCYSEAKKLDSCKFLLDNPYTKIYSYSCSGSEITCSSKNKDCQAFICNCDRSAAICFSKAPYNKEHKNLDTKKYC,Q45Z29,0.579
Q7M334,hard_negative,363,144,MKFLVLAALLTAGTAASGVSPTALWQFRGMIQCTIPGSSPYLEFNGYGCYCGLGGSGTPVDELDRCCQTHDQCYTQAKKLSSCSFLVDNPYTNSYSYSCSGTTVTCSSKNKECEAFICDCDRKAAICFSKRPYNKEYKPISKYC,P80966,0.578
P04416,hard_negative,363,124,ALWQFRSMIKCTIPGSDPLLDFNNYGCYCGLGGSGTPVDELDRCCETHDNCYRDAKNLDSCKFLVDNPYTNSYSYSCSNTEITCNSKNNACEAFICNCDRNAAICFSKAPYNKEHKNLDTKKYC,Q6SLM2,0.576
P81480,hard_negative,363,122,NLMQFETLIMKVAGRSGVWYYGSYGCFCGAGGQGRPQDASDRCCFVHDCCYGKVNGCDPKKDFYTYSEENGAIVCGGDDPCKKEICECDKDAAICFRDNKDTYDNKYWFFPAKNCQEESEPC,Q7T3T5,0.573
O42192,hard_negative,363,122,SLMQFKTLIMKIAGRSGIWYYGSYGCYCGGGGQGRPQDASDRCCFVHDCCYGKVTGCNPKMDVYTYTEENGAIVCGGDDPCKKQICECDKDAAICFRDNIDTYDNKYWFFPAKNCQEESEPC,Q7T3T5,0.573
P20249,hard_negative,363,122,SLMQFETLIMKIAGRSGIWYYGSYGCYCGAGGQGRPQDASDRCCFVHDCCYGKVTGCDPKLDVYTYTEENGAIVCGGDDPCKKQICECDKDAAICFRDNIDTYDNKYWFFPAKNCQEESEPC,Q7T3T5,0.573
P20476,hard_negative,363,138,MRTLWIMAVLLVGVEGHLMQFETLIMKVAGRSGVWYYGSYGCFCGAGGQGRPQDASDRCCFVHDCCYGKVNGCDPKKDFYTYSEENGAIVCGGDDPCKKEICECDKDAAICFRDNKDTYDNKYWFFPAKNCQEESEPC,Q7T3T5,0.569
P14419,hard_negative,363,123,ALWQFNGMIKCKIPSSEPLLDFNNYGCYCGLGGSGTPVDDLDRCCQTHDNCYKQAKKLDSCKVLVDNPYTNSYSYSCSNKQITCSSENNACEAFICNCDRNAAICFSEVPYNNEHKNLDKKYC,P80966,0.567
Q802I1,hard_negative,363,142,AVCVSLLGAANIPPQPLTFLQFNEMIECTIPGSFPLLDNMDCGCYCGTGGRGTPVDMLDRCCKEHDDCYAQIKENLKCSSLLNVPYVKQYSFTCSEGDLTCSDAAGTCARIVCDCDRTAALCFAEAPYKRRNFKIDYKTRCQ,P80966,0.56
P00594,hard_negative,363,132,ENGISPRAVWQFRSMIQCTIPNSKPYLEFNDYGCYCGLGGSGTPVDELDACCQVHDNCYTQAKELSSCRFLVDNPYTESYKFSCSGTEVTCSDKNNACEAFICNCDRNAAICFSKAPYNPENKNLDSKRKCA,P80966,0.551
Q9Z0Y2,hard_negative,363,146,MKLLLLAALLTAGAAAHSISPRAVWQFRNMIKCTIPGSDPLKDYNNYGCYCGLGGWGTPVDDLDRCCQTHDHCYSQAKKLESCKFLIDNPYTNTYSYSCSGSEITCSAKNNKCEDFICNCDREAAICFSKVPYNKEYKNLDTGKFC,Q6SLM2,0.549
Q45Z46,hard_negative,363,145,MHPAHLLVLLAVCVSLLGASDIPPLPLNLLQFGFMIECAIRNRQPALDFMNYGCYCGTVGHGTPVDDLDRCCKTRNECYAEAEKHGCYPSLTTYRWQCGRVGLHCNSKTQCEVFVCACDLAAAKCLAQEDYNPAHFNINTKARCR,Q45Z29,0.549
P0DPS2,hard_negative,59,488,MNVFFMFSLLFLAALGSCADDRNPLEECFRETDYEEFLEIARXXXXTSNPKHVVRVGAGMSGLSAAYVLAGAGHQVTVLEASERPGGRXXXXXXXXEGWYANLGPMRXXXXXXXXXXXXXKFGLNLNEFSQENDNAWYFIKXXXXXXXXXXDPGLLKYPVKPSEAGKSAGQLYEESLGKXXXXXXXXXXXXXXXXXXXXXXXXXXXXXXXXXXXXXXXXXXXXXXXXXXXXXXXXXXXXXXXXXXXXXFDEIVDGMDKLPTSMYQAIXXXXXXXXXXXXXXXXXXKVTVTYQTPAKXXXXXXXXXXXXXXXXXXXXXXXXXXXXXXXXXXXXXXXXXXXXXXIFLTCTKKFWEDDGIHGGKSTTDLPSRXXXXXXXXXXXXXXVIIAYGIGDDANFFQALDFKDCADIVFNDLSLIHQLPKEEIPSFCYPSMIQKXXXXXXXXXXITTFFTPYQFQHFSEAXXXXXXXIYFAGEYTAQAHGWIDSTIK,Q6STF1,0.548
Q9I8F8,hard_negative,363,122,SLVQFETLIMKIAKRSGVWFYGSYGCFCGSGGQGRPQDASDRCCFVHDCCYGKVTDCDPKTDIYTYSEENGVVVCGGDDPCKKQICECDRVAAVCFRDNKDTYDNKYWFFPANNCQEESEPC,P0CG56,0.545
P04054,hard_negative,363,148,MKLLVLAVLLTVAAADSGISPRAVWQFRKMIKCVIPGSDPFLEYNNYGCYCGLGGSGTPVDELDKCCQTHDNCYDQAKKLDSCKFLLDNPYTHTYSYSCSGSAITCSSKNKECEAFICNCDRNAAICFSKAPYNKAHKNLDTKKYCQS,Q45Z29,0.544
P00593,hard_negative,363,145,MRLLVLAALLTVGAGQAGLNSRALWQFNGMIKCKIPSSEPLLDFNNYGCYCGLGGSGTPVDDLDRCCQTHDNCYKQAKKLDSCKVLVDNPYTNNYSYSCSNNEITCSSENNACEAFICNCDRNAAICFSKVPYNKEHKNLDKKNC,Q6T179,0.541
P00592,hard_negative,363,146,MKFLVLAVLLTVGAAQEGISSRALWQFRSMIKCAIPGSHPLMDFNNYGCYCGLGGSGTPVDELDRCCETHDNCYRDAKNLDSCKFLVDNPYTESYSYSCSNTEITCNSKNNACEAFICNCDRNAAICFSKAPYNKEHKNLDTKKYC,Q45Z29,0.54
P81479,hard_negative,363,122,HLMQFETLIMKVAGRSGVWYYGSYGCFCGAGGQGRPQDASDRCCFVHDCCYGKVNGCDPKKDFYTYSEENGDIVCGGDDPCKKEICECDKDAAICFRDNKDTYDNKYWFFPAKNCQEESEPC,P14420,0.54
P16562,hard_negative,284,243,MALLPVLFLVTVLLPSLPAEGKDPAFTALLTTQLQVQREIVNKHNELRKAVSPPASNMLKMEWSREVTTNAQRWANKCTLQHSDPEDRKTSTRCGENLYMSSDPTSWSSAIQSWYDEILDFVYGVGPKSPNAVVGHYTQLVWYSTYQVGCGIAYCPNQDSLKYYYVCQYCPAGNNMNRKNTPYQQGTPCAGCPDDCDKGLCTNSCQYQDLLSNCDSLKNTAGCEHELLKEKCKATCLCENKIY,Q8AVA4,0.536
A0A182IRF8,hard_negative,160,316,MSHTRAVVLAVACLCLILVQVEGTWNALDPEQMRFIHSRCFEDNLPAGPKRALYASKWIKWELEPNDETTHCFAKCVLEGIQLYDSKSKKFRSKRITIQHEAYKTFTGANDDEVAKYKQAVAALRVGSGSCSDVFNTYLPVHKQFHDVSQLVYLSVSAVAAKIYEADPNVKRKGESFAEYCAKRAWDEKTKGDACKARKYELTGSNELKAAIDCIFRGFRYINENGFNPDEIVRDFKLINKPELEPQVRSVLSKCAGEKAYEYYSCLLQSNVKEDFKHAFDFRELRSVDYSYLVKGNVYDPAKLKEEMAKADAKVC,Q95NY5,0.534
P43434,hard_negative,363,146,MKLLVLAALLSVSAAAHIITPRALWQFRDMIKCAIPGSRPYSEYNNYGCFCGLGGSGTPVDELDRCCEIHDACYTQAKHLESCKSVIDNPYTNSYSFSCSGTNIICSSKNKECEEFICNCDRAAAICFSKAPYNENNKNINKKERC,Q45Z29,0.531
P0CG57,hard_negative,363,118,NLVQFGFMIECAIRNRRPALDFMNYGCYCGTVGRGTPVDDLDRCCQVHDECYATAEKHGCYPSLTTYQWECRQVGNECNSKTQCEVFVCACDLAAAKCLAQEDYNPAHFNINTGERCK,P00609,0.529
O19010,hard_negative,284,245,MALLPVLLFLAAVLLPFFPASGQDPGFAALSITKSEVQKEIVNKHNDLRRTVSPLASNMLKMQWDSKTATNAQNWANKCLLQHSKAEDRAVGTMKCGENLFMSSIPNSWSDAIQNWHDEVHDFKYGVGPKTPNAVVGHYTQVVWYSSYRVGCGIAYCPKQGTLKYYYVCQYCPAGNYVNKINTPYEQGTPCARCPGNCDNGLCTNSCEYEDLVSNCDSLKKIAGCEHELLKENCKTTCQCENKIY,Q8AVA4,0.527
P54108,hard_negative,284,245,MTLFPVLLFLVAGLLPSFPANEDKDPAFTALLTTQTQVQREIVNKHNELRRAVSPPARNMLKMEWNKEAAANAQKWANQCNYRHSNPKDRMTSLKCGENLYMSSASSSWSQAIQSWFDEYNDFDFGVGPKTPNAVVGHYTQVVWYSSYLVGCGNAYCPNQKVLKYYYVCQYCPAGNWANRLYVPYEQGAPCASCPDNCDDGLCTNGCKYEDLYSNCKSLKLTLTCKHQLVRDSCKASCNCSNSIY,Q8AVA4,0.526
Q60477,hard_negative,284,244,MALLPVVVFLITMLLPCVLTNGKDPAFTALITTQSQVQNEIINKHNQLRKSVTPPASNMLKMEWSREAAVNAQKWANRCTLVHSNPDDRKTSTKCGENLYMSSDPSSWSDAIQSWFDESQDFTFGVGPKSHNAVVGHYTQLVWYSSYLVGCGIAYCPNQDSLKYYYVCQYCPAGNNVYTKNTPYKQGIPCASCPGHCENGLCTNSCEYEDLLSNCESLKNTAGCEHQLLVEKCKATCRCEDKIY,Q8AVA4,0.521
P16563,hard_negative,284,243,MAWFQVMLFVFALLLRSPLTEGKDPDFTSLLTNQLQVQREIVNKHNELRRSVNPTGSDILKMEWSIQATTNAQKWANKCILEHSSKDDRKINIRCGENLYMSTDPTLWSTVIQSWYNENEDFVYGVGAKPNSAVGHYTQLVWYSSFKIGCGIAYCPNQDNLKYFYVCHYCPMGNNVMKKSTPYQQGTPCASCPNNCENGLCTNSCDFEDLLSNCESLKTSAGCKHELLKTKCQATCLCEDKIH,Q8JI39,0.52
F7C0L1,hard_negative,284,204,MDTFNFIICISALFHSTYGDDGGTPMLDTETQNYLVDLHNLLRRSVDPTAKDMLKMEWSPGAALNAQNAAAKCVMQHSSATERQIQDPFNYVCGENIYVTTAKPDWAAAVNSWFNERNDFTYGVGPNSDKMIGHYTQVAWAKTYLLGCGLAFCPGNYYPYVSICHYCPMGNMINSIKTPYEAGEWCASCPESCEDKLCTSNPTA,Q8JI39,0.5
A7X3Z7,hard_negative,357,163,MERFIFAALLVVALSLSGTGADPQCLPGWSSSDGYCYKVFKEYKRWDDAEMFCRQEVEGGHLVSIHSKTEAKFLARLVFRKFILLNVWIGLSSPGKHGIWRWSDGSSFYYTSWAFGEPNNFLWNEYCVGLMSITGHRKWSDQNCRSKRYFICKAQPQSEGSTW,Q8JIV9,0.493
A7X3Z4,hard_negative,357,163,MERFIFAALLVVALSLSGTGADPQCLPGWSSSDGYCYKVFKEYKRWDDAEMFCRQEVEGGHLVSIHSKTEAKFLARLVFRKFILLNVWIGLSSPGKHGIWRWSDGSSFYYTSWAFGEPNNFLWNEYCVGLMSITGHRKWSDQNCRSKRYFICKAQPQGEGSTW,Q8JIV9,0.493
Q03401,hard_negative,284,244,MALMLVLFFLAAVLPPSLLQDSSQENRLEKLSTTKMSVQEEIVSKHNQLRRMVSPSGSDLLKMEWNYDAQVNAQQWADKCTFSHSPIELRTTNLRCGENLFMSSYLASWSSAIQGWYNEYKDLTYDVGPKQPDSVVGHYTQVVWNSTFQVACGVAECPKNPLRYYYVCHYCPVGNYQGRLYTPYTAGEPCASCPDHCEDGLCTNSCGHEDKYTNCKYLKKMLSCEHELLKKGCKATCLCEGKIH,Q8AVA4,0.479
P12020,hard_negative,284,246,MALMLVLLFLAAVLPPSLLQDTTDEWDRDLENLSTTKLSVQEEIINKHNQLRRTVSPSGSDLLRVEWDHDAYVNAQKWANRCIYNHSPLQHRTTTLKCGENLFMANYPASWSSVIQDWYDESLDFVFGFGPKKVGVKVGHYTQVVWNSTFLVACGVAECPDQPLKYFYVCHYCPGGNYVGRLYSPYTEGEPCDSCPGNCEDGLCTNSCEYEDNYSNCGDLKKMVSCDDPLLKEGCRASCFCEDKIH,Q8AVA3,0.459
P54107,hard_negative,284,249,MEIKHLLFLVAAACLLPMLSMKKKSARDQFNKLVTDLPNVQEEIVNIHNALRRRVVPPASNMLKMSWSEEAAQNARIFSKYCDMTESNPLERRLPNTFCGENMHMTSYPVSWSSVIGVWYSESTSFKHGEWTTTDDDITTDHYTQIVWATSYLIGCAIASCRQQGSPRYLYVCHYCHEGNDPETKNEPYKTGVPCEACPSNCEDKLCTNPCIYYDEYFDCDIQVHYLGCNHSTTILFCKATCLCDTEIK,Q8AVA4,0.438
Q03402,hard_negative,284,241,MALMLVLFFLAAVLPPSLLQDNSQENSLEKLSTSKKSVQEEIVSKHNQLRRKVSPSGSDLLNMEWNYDAQVNAQQRADKCTFSHSPIELRTTNLKCGENLFMSSYLVPWSSVIQGWYNESKGLIFGVGPKQNVSVVGHHTQVVWKSNLQVACGVAECPENPLRYFYVCRYCPVLNYSGHYPSRPYLAYTARAPCASCPDRCEDGLCTKSCQYKDMSFWCKRLEYVCKHPGLKKRCLATCQC,Q8AVA3,0.434
Q9XSD3,hard_negative,284,249,MEIKHLLFLVAAACLLPVLSMKRKSAKKLFNKLVTDLPNVQQEIVNIHNTLRRGVVPPASNMLKMSWSEEAAQNAKIFSRYCDMTESNPLERRLPNTFCGENRNMTSYPVSWSSVIGVWYSESKYFRYGLWPSTDDDISTDRYTQIVWATSYLIGCAIAPCRHRGSPRYFYVCHYCHEGNDPETKHEPYKKGVPCEACPNNCEDKLCTNPCIYYDEYTDCSLEVRFLGCNHSTPRMFCKATCLCDTEIK,Q8AVA4,0.433
A7X401,hard_negative,357,156,MRRFLFLSLGVLVVAFSLNGIGADHHCPWDWFSFDRFCYKVIKQRKNWQDAERFCGQLQNGSHLASIQSWAESKYVAMLLSNNAFLDTVWIGLFEPEKNRSLEWSDGSGFCYTGWERRKRNNVDNKKYCVELSWMSDYLEWNNVKCESRNIFICKI,Q4PRD2,0.431
P86810,hard_negative,59,527,MDLHRAPWKSSAAAAVLLLALFSGAAASSVEKNLAACLRDNDYDQLLQTVQDGLPHINTSNHVVIVGAGVAGLTAAKLLQDAGHRVTIVEANSRIGGRVETYRNKEEGWYADLGAMRIPSDHSIFRWFAKTLGVKLNPFIMDDHNTFYFVNGLLKRTYTVEANPDILNYKVRSSEKGKSANTLFQDALQKVKDEVEAHGCRAALMKYDKYSAKEYLKEVAGLSSEALRMIGDLLNEQSLMYTALSEMIYDQADVNDNVQYDEVTGGTDLFPRAFLSVLDVPILLNSKVQRIRRSRDGVTVSFKESQRSSLTDLHADMVLVTTTAKAALYMDFEPSLSIRKMEALRAVHYDSSTKIILTFSSRFWEEDGIRGGKSITDRPSRYIYYPSHTFPANSSVGVLLASYTWSDDSLLLQAASDEELKEMALRDLVKIHGERVRALCTGVVVKKWSLDPYSFGAFALFTPYQHLEYAKELFRSEGRVHFAGEHTAFPHAWMESAMKSAIRAATNINKQTLLNEGMNECPAPDEL,P0CC17,0.422
Q9QXX3,hard_negative,363,151,MLLLLLLLLLGPGPGFSEATRRSHVYKRGLLELAGTLDCVGPRSPMAYMNYGCYCGLGGHGEPRDAIDWCCYHHDCCYSRAQDAGCSPKLDRYPWKCMDHHILCGPAENKCQELLCRCDEELAYCLAGTEYHLKYLFFPSILCEKDSPKCN,P00609,0.419
Q6GF50,hard_negative,150,339,MIKQVCKNITICSLALSTALTVFPASSYAEIKSKITTVSEKNLDGDTKMYTRTATTSDTEKKISQSLQFNFLTEPNYDKETVFIKAKGTIGSGLKILNPNGYWNSTLRWPGSYSVSIQNVDDNNNSTNVTDFAPKNQDESREVKYTYGYKTGGDFSINRGGLTGNITKEKNYSETISYQQPSYRTLIDQPTTNKGVAWKVEAHSINNMGHDHTRQLTNDSDDRVKSEIFSLTRNGNLWAKDNFTPKNKMPVTVSEGFNPEFLAVMSHDKNDKGKSRFIVHYKRSMDDFKLDWNKHGFWGYWSGENHVDQKEEKLSALYEVDWKTHDVKLIKTINDKEQK,P0A077,0.417
Q99SN8,hard_negative,150,338,MIKQLYKNITICSLAISTALTVFPATSYAKINSEIKAVSEKNLDGDTKMYTRTATTSDSQKNITQSLQFNFLTEPNYDKETVFIKAKGTIGSGLRILDPNGYWNSTLRWPGSYSVSIQNVDDNNNTNVTDFAPKNQDESREVKYTYGYKTGGDFSINRGGLTGNITKESNYSETISYQQPSYRTLLDQSTSHKGVGWKVEAHLINNMGHDHTRQLTNDSDNRTKSEIFSLTRNGNLWAKDNFTPKDKMPVTVSEGFNPEFLAVMSHDKKDKGKSQFVVHYKRSMDEFKIDWNRHGFWGYWSGENHVDKKEEKLSALYEVDWKTHDVKFVKVLNDNEKK,P0A077,0.411
Q7A4L0,hard_negative,150,338,MIKQLYKNITICSLAISTALTVFPATSYAKINSEIKAVSEKNLDGDTKMYTRTATTSDSQKNITQSLQFNFLTEPNYDKETVFIKAKGTIGSGLRILDPNGYWNSTLRWPGSYSVSIQNVDDNNNTNVTDFAPKNQDESREVKYTYGYKTGGDFSINRGGLTGNITKESNYSETISYQQPSYRTLLDQSTSHKGVGWKVEAHLINNMGHDHTRQLTNDSDNRTKSEIFSLTRNGNLWAKDNFTPKDKMPVTVSEGFNPEFLAVMSHDKKDKGKSQFVVHYKRSMDEFKIDWNRHGFWGYWSGENHVDKKEEKLSALYEVDWKTHDVKFVKVLNDNEKK,P0A077,0.411
O15496,hard_negative,363,165,MGPLPVCLPIMLLLLLPSLLLLLLLPGPGSGEASRILRVHRRGILELAGTVGCVGPRTPIAYMKYGCFCGLGGHGQPRDAIDWCCHGHDCCYTRAEEAGCSPKTERYSWQCVNQSVLCGPAENKCQELLCKCDQEIANCLAQTEYNLKYLFYPQFLCEPDSPKCD,P00609,0.409
Q9QZT3,hard_negative,363,151,MLLLLLLLLLGPGSCLSEATRRSHVYKRGLLELAGTLDCVGPRSPMAYMNYGCYCGLGGHGEPRDAIDWCCYYHDCCYSQAQDAGCSPKLYRYPWKCMDHRILCGPAENKCQELLCRCDETLAYCLADTEYHLKYLFFPSVLCEKDSPKCN,P00609,0.409
Q9CWG1,hard_negative,284,255,MQVILAVIVWMASSVSSSSFTASTLPDITNEDFIKECVQVHNQLRSKVSPPARNMLYMSWDPKLAQIAKAWTKSCEFKHNPQLHSRIHPNFTALGENIWLGSLSIFSVSSAISAWYEEIKHYDFSTRKCRHVCGHYTQVVWADSYKLGCAVQLCPNGANFICDYGPAGNYPTWPYKQGATCSDCPKDDKCLNSLCINPRRDQVSRYYSVDYPDWPIYLRNRYTSLFLIAKSVLLLLSVIITIWVKHKYPNLVLLD,Q8AVA4,0.407
Q6G7T8,hard_negative,150,338,MIKQLYKNITICTLALSTTFTVLPATSYAKINSEIKAVSEKNLDGDTKMYTRTATTSDSQKNITQSLQFNFLTEPNYDKETVFIKAKGTIGSGLRILDPNGYWNSTLRWPGSYSVSIQNVDDNNNTNVTDFAPKNQDESREVKYTYGYKTGGDFSINRGGLTGNITKESNYSETISYQQPSYRTLLDQSTSHKGVGWKVEAHLINNMGHDHTRQLTNDSDNRTKSEIFSLTRNGNLWAKDNFTPKNKMPVTVSEGFNPEFLAVMSHDKKDEGKSKFVVHYKRSMDEFKIDWNRHGFWGYWSGENHVDKKEEKLSALYEVDWKTHNVKFVKVLNDNEKK,P0A077,0.405
Q8NVL9,hard_negative,150,338,MIKQLYKNITICTLALSTTFTVLPATSYAKINSEIKAVSEKNLDGDTKMYTRTATTSDSQKNITQSLQFNFLTEPNYDKETVFIKAKGTIGSGLRILDPNGYWNSTLRWPGSYSVSIQNVDDNNNTNVTDFAPKNQDESREVKYTYGYKTGGDFSINRGGLTGNITKESNYSETISYQQPSYRTLLDQSTSHKGVGWKVEAHLINNMGHDHTRQLTNDSDNRTKSEIFSLTRNGNLWAKDNFTPKNKMPVTVSEGFNPEFLAVMSHDKKDEGKSKFVVHYKRSMDEFKIDWNRHGFWGYWSGENHVDKKEEKLSALYEVDWKTHNVKFVKVLNDNEKK,P0A077,0.405
P48060,hard_negative,284,266,MRVTLATIAWMVSFVSNYSHTANILPDIENEDFIKDCVRIHNKFRSEVKPTASDMLYMTWDPALAQIAKAWASNCQFSHNTRLKPPHKLHPNFTSLGENIWTGSVPIFSVSSAITNWYDEIQDYDFKTRICKKVCGHYTQVVWADSYKVGCAVQFCPKVSGFDALSNGAHFICNYGPGGNYPTWPYKRGATCSACPNNDKCLDNLCVNRQRDQVKRYYSVVYPGWPIYPRNRYTSLFLIVNSVILILSVIITILVQHKYPNLVLLD,Q8AVA4,0.402
Q2YU84,hard_negative,150,338,MIKQLYKNITICSLTISTALTVFPATSYAKINSEIKAVSEKNLDGDTKMYTRTATTSDSQKNITQSLQFNFLTEPNYDKETVFIKAKGTIGSGLRILDPNGYWNSTLRWPGSYSVSIQNVDDNNNTNVTDFAPKNQDESREVKYTYGYKTGGDFSINRGGLPGNITKESNYSETISYQQPSYRTLLDQSTSHKGVGWKVEAHLINNMGHDHTRQLTNDSDNRTKSEIFSLTRNGNLWAKDNFTPKNKMPVTVSEGFNPEFLAVMSHDKKDEGKSKFVVHYKRSMDEFKIDWNRHGFWGYWSGENHVDKKEEKLSALYEVDWKTHDVKFVKVLNDNEKK,P0A077,0.401
P21224,hard_negative,150,338,MIKQLCKNITICTLALSTTFTVLPATSFAKINSEIKQVSEKNLDGDTKMYTRTATTSDSQKNITQSLQFNFLTEPNYDKETVFIKAKGTIGSGLRILDPNGYWNSTLRWPGSYSVSIQNVDDNNNTNVTDFAPKNQDESREVKYTYGYKTGGDFSINRGGLTGNITKESNYSETISYQQPSYRTLLDQSTSHKGVGWKVEAHLINNMGHDHTRQLTNDSDNRTKSEIFSLTRNGNLWAKDNFTPKDKMPVTVSEGFNPEFLAVMSHDKKDKGKSQFVVHYKRSMDEFKIDWNRHGFWGYWSGENHVDKKEEKLSALYEVDWKTHNVKFVKVLNDNEKK,P0A077,0.401
Q2FFA3,hard_negative,150,338,MIKQLCKNITICTLALSTTFTVLPATSFAKINSEIKQVSEKNLDGDTKMYTRTATTSDSQKNITQSLQFNFLTEPNYDKETVFIKAKGTIGSGLRILDPNGYWNSTLRWPGSYSVSIQNVDDNNNTNVTDFAPKNQDESREVKYTYGYKTGGDFSINRGGLTGNITKESNYSETISYQQPSYRTLLDQSTSHKGVGWKVEAHLINNMGHDHTRQLTNDSDNRTKSEIFSLTRNGNLWAKDNFTPKDKMPVTVSEGFNPEFLAVMSHDKKDKGKSQFVVHYKRSMDEFKIDWNRHGFWGYWSGENHVDKKEEKLSALYEVDWKTHNVKFVKVLNDNEKK,P0A077,0.401
Q2FWP0,hard_negative,150,338,MIKQLCKNITICTLALSTTFTVLPATSFAKINSEIKQVSEKNLDGDTKMYTRTATTSDSQKNITQSLQFNFLTEPNYDKETVFIKAKGTIGSGLRILDPNGYWNSTLRWPGSYSVSIQNVDDNNNTNVTDFAPKNQDESREVKYTYGYKTGGDFSINRGGLTGNITKESNYSETISYQQPSYRTLLDQSTSHKGVGWKVEAHLINNMGHDHTRQLTNDSDNRTKSEIFSLTRNGNLWAKDNFTPKDKMPVTVSEGFNPEFLAVMSHDKKDKGKSQFVVHYKRSMDEFKIDWNRHGFWGYWSGENHVDKKEEKLSALYEVDWKTHNVKFVKVLNDNEKK,P0A077,0.401
Q32LB5,hard_negative,284,241,MILRKKLSYLWTLGLCLVASKSPPKAPSITNDRFIEECLRLHNEARTNVSPPAADMKYMSWDEALAKTAEAWAKKCKFIHNSCSSKSFKCHPTFQYAGENLWLGPLTISAAKFAINMWYDERKFYDFNTRSCSQVCGHYTQVVWAYSYKVGCAVAVCPNLGSPDSALLVCNYAPAGNYPNMSPYTNGTPCSMCQGDTCENNLCRNKERDKSQRYPNWNPSGTRQLIACNPLYLISVLLTIF,P60623,0.396
Q9DAG6,hard_negative,284,236,MALKKKLNFLWTLVLYLIASRLPKAFGKDLPRVPTITDPKFIDAFLNIHNELRRKVQPPAADMNQLFWDQQLAKLAKAWTRECKLAHNPCIKQRYECLEDYDFIGENIYLGRIETQPEDVVINWYNESKYFNFDFNTCSEMCGHYTQVVWAKTVKIGCAVSNCPNLKGFSAGLFVCNYSPAGNFIGFRPYTRGDSCSMCGQKTCENSLCRPMNRKTPHHKAACHVLVLGFILQSLL,Q8AVA4,0.393
O09046,hard_negative,59,630,MAGLALRLVLAATLLGLAGSLDWKAASSLNPIEKCMEDHDYEQLLKVVTLGLNRTSKPQKVVVVGAGVAGLVAAKMLSDAGHKVTILEADNRIGGRIFTFRDEKTGWIGELGAMRMPSSHRILHKLCRTLGLNLTQFTQYDENTWTEVHNVKLRNYVVEKMPEKLGYNLNNRERGHSPEDIYQMALNKAFKDLKALGCKKAMNKFNKHTLLEYLLEEGNLSRPAVQLLGDVMSEEGFFYLSFAEALRAHACLSDRLRYSRIVGGWDLLPRALLSSLSGALLLNAPVVSITQGRNDVRVHIATSLHSEKTLTADVVLLTASGPALQRITFSPPLTRKRQEALRALHYVAASKVFLSFRRPFWHEEHIEGGHSNTDRPSRLIFYPARGEGSLLLASYTWSDAAAPFAGLSTDQTLRLVLQDVAALHGPVVFRLWDGRGVVKRWAEDPHSQGGFVVQPPLYGREAEDYDWSAPFGRIYFAGEHTALPHGWVETAVKSGLRAAVRINNNYGYGEVDPQMMEHAYAEANYLDQYPEGERPEEQQAREEVSPDEQEPSHKHLLVETSPEGQQHAFVEAIPELQGHVFVETVPQEKGHAHQNIYPSEHVQVHGEVIPEWHGHGGSGTPQMHRVGDHS,P0DI84,0.387
U3KRF8,hard_negative,300,519,NEQANLRLSEANSGTYKTFIGRVREELGSETYRLYGIPVLKHSLSNSNRFYLLTLTSNQDESITLAIDVEDMVAVAYQPAGSHESYFFLNAPQIAFHTLFTDTHQNVLNFDNTFKSLENAAGTTRQTIVLGVDPLDFAISNLFNADPKLLPLSFLVIIQMVLEASKFRFIEQSVAYSFKNEKTFLPDLAIVSLEDNWSEISLQIQASTSLQGLFGSVVELYNSNNELIEVDSIYYPIILANVALQLYHCQVSTGDNECLVETRTTRISGRDALCVDVAGALTSDGSRLILYPCGQQVNQKWTFHSDGTVRSLGKCLATNNSKFGNLVVIYDCSKLAAEDISWDVSVGGTIMNPNYEDLALTSNKATRSTNLTMEVNTYSASQGWRVGNYVQPIIGSIVGLDDMCLEATDGNTNMWLEECVPNQREQSWALYSDGTIRVDDNRELCVTASSSTYDNWKVITILNCDGSNNQRWVFLADGSISTPGNQRLAMDVARSDVDLKKIILHRPHGDLNQQWVLFY,Q7SIF0,0.386
Q9H336,hard_negative,284,500,MKCTAREWLRVTTVLFMARAIPAMVVPNATLLEKLLEKYMDEDGEWWIAKQRGKRAITDNDMQSILDLHNKLRSQVYPTASNMEYMTWDVELERSAESWAESCLWEHGPASLLPSIGQNLGAHWGRYRPPTFHVQSWYDEVKDFSYPYEHECNPYCPFRCSGPVCTHYTQVVWATSNRIGCAINLCHNMNIWGQIWPKAVYLVCNYSPKGNWWGHAPYKHGRPCSACPPSFGGGCRENLCYKEGSDRYYPPREEETNEIERQQSQVHDTHVRTRSDDSSRNEVISAQQMSQIVSCEVRLRDQCKGTTCNRYECPAGCLDSKAKVIGSVHYEMQSSICRAAIHYGIIDNDGGWVDITRQGRKHYFIKSNRNGIQTIGKYQSANSFTVSKVTVQAVTCETTVEQLCPFHKPASHCPRVYCPRNCMQANPHYARVIGTRVYSDLSSICRAAVHAGVVRNHGGYVDVMPVDKRKTYIASFQNGIFSESLQNPPGGKAFRVFAVV,Q7T1K6,0.381
Q8CGD2,hard_negative,284,500,MMCKAQEWLRVTALLFVARAVPAMVVPNATLLEKLLEKYMDEDGEWWTAKQRGKRAITDNDMQSILDLHNKLRSQVYPTASNMEYMTWDVELERSAESWAEMCLWEHGPASLLPSIGQNLGAHWGRYRPPTFHVQAWYDEVRDFSYPYENECDPYCPFRCSGPVCTHYTQVVWATSSRIGCAVNLCHNMNIWGQIWPKAVYLVCNYSPKGNWWGHAPYKHGRPCSACPPSFGGGCRENLCYKEGSDRYYTPREEETNEIERQQSQVHDTHVRTRSDDSDRNDVISTQQMSQIVSCEVRLRDQCKGTTCNRYECPAGCLDSKAKVIGSVHYEMQSSICRAAIHYGIIDNEGGWVDVTRQGRKHYFIKSNRNGIQTIGKYHSANSFTVSKVTVQAVTCETTVEQLCPFHKPASHCPRVYCPRNCMQSNPHYARVIGTRIYSDLSSICRAAVHAGVVRNHGGYVDVMPVDKRKMYTASFQNGIFSESLQNPTGGKAFRVFAVV,P60623,0.378
Q96RQ9,hard_negative,59,567,MAPLALHLLVLVPILLSLVASQDWKAERSQDPFEKCMQDPDYEQLLKVVTWGLNRTLKPQRVIVVGAGVAGLVAAKVLSDAGHKVTILEADNRIGGRIFTYRDQNTGWIGELGAMRMPSSHRILHKLCQGLGLNLTKFTQYDKNTWTEVHEVKLRNYVVEKVPEKLGYALRPQEKGHSPEDIYQMALNQALKDLKALGCRKAMKKFERHTLLEYLLGEGNLSRPAVQLLGDVMSEDGFFYLSFAEALRAHSCLSDRLQYSRIVGGWDLLPRALLSSLSGLVLLNAPVVAMTQGPHDVHVQIETSPPARNLKVLKADVVLLTASGPAVKRITFSPPLPRHMQEALRRLHYVPATKVFLSFRRPFWREEHIEGGHSNTDRPSRMIFYPPPREGALLLASYTWSDAAAAFAGLSREEALRLALDDVAALHGPVVRQLWDGTGVVKRWAEDQHSQGGFVVQPPALWQTEKDDWTVPYGRIYFAGEHTAYPHGWVETAVKSALRAAIKINSRKGPASDTASPEGHASDMEGQGHVHGVASSPSHDLAKEEGSHPPVQGQLSLQNTTHTRTSH,Q6STF1,0.377
Q98ST5,hard_negative,284,523,MKYVVQEWLRITTLLFIAQAVSAMVLPNATLLEELLEKYMDEDGEWWIANVSRKRAITDSDMQSILDLHNKLRGQVYPPASNMEYMTWDTELERSAESWAETCLWEHGPASLLPSIGQNLGAHWGRYRPPTFHVQAWYDEVRDFTYPHPHECNPYCPYKCSGPVCTHYTQVVWATSSRIGCAINLCHNMNIWGQIWPKAVYLVCNYSPKGNWWGHAPYKPGRPCSACPPSFGGGCRENLCYREGSERPYSPHEPEEETNEIERQRSKAQDATAQSRPRTHSPSGSTGSEDSEKNEVISTQQMSQIVSCEVRLRDQCKGTTCNRYECPAGCLDSKAKVIGSVHYEMQSSICKAAIHYGILDNEGGWVDVTRQGRKNYFIKSYRNGIQSIGKYQSANSFTVSKVTVQAITCETTVEQLCPFQKPASHCPRVYCPHNCMQANPHYARVIGTRIYSDISSICRAAVHAGVVRNEGGYVDVMPVDKRKVYIASFLNGIFSESLQNPPGKQGIQSICCRLNQVDYKTGK,Q7T1K6,0.375
Q8NVL8,hard_negative,162,350,MKNKKRVLIASSLSCAILLLSAATTQANSAHKDSQDQNKKEHVDKSQQKEKRNVTNKDKNSTVPDDIGKNGKITKRTETVYDEKTNILQNLQFDFIDDPTYDKNVLLVKKQGSIHSNLKFESHKEEKNSNWLKYPSEYHVDFQVKRNPKTEILDQLPKNKISTAKVDSTFSYSSGGKFDSTKGIGRTSSNSYSKTISYNQQNYDTIASGKNNNWHVHWSVIANDLKYGGEVKNRNDELLFYRNTRIATVENPELSFASKYRYPALVRSGFNPEFLTYLSNEKSNEKTQFEVTYTRNQDILKNRPGIHYAPPILEKNKEGQRLIVTYEVDWKNKTVKVVDKYSDNKSFREG,Q2FXB0,0.373
Q6G7T7,hard_negative,162,350,MKNKKRVLIASSLSCAILLLSAATTQANSAHKDSQDQNKKEHVDKSQQKEKRNVTNKDKNSTVPDDIGKNGKITKRTETVYDEKTNILQNLQFDFIDDPTYDKNVLLVKKQGSIHSNLKFESHKEEKNSNWLKYPSEYHVDFQVKRNPKTEILDQLPKNKISTAKVDSTFSYSSGGKFDSTKGIGRTSSNSYSKTISYNQQNYDTIASGKNNNWHVHWSVIANDLKYGGEVKNRNDELLFYRNTRIATVENPELSFASKYRYPALVRSGFNPEFLTYLSNEKSNEKTQFEVTYTRNQDILKNRPGIHYAPPILEKNKEGQRLIVTYEVDWKNKTVKVVDKYSDNKSFREG,Q2FXB0,0.373
Q7T141,hard_negative,284,260,MNENRLAIDILLLCISCGASALAGFSPTASSSLPATNLTDIGFAPPKYLTEAANIPKTRRKRYISQNDMLAILDYHNKVRGKVFPPASNMEYMVWDDTLAKTAEQWASTCIWEHGPRNLLRFLGQNLSVRTGRYRSILQLVKPWHDEVKDYSFPYPRDCNPRCPLKCYGPMCTHYTQMVWATSNKVGCAINTCHNMNVWGSVWKRATYLVCNYSPKGNWIGEAPYKVGVPCSMCPPSYGGSCSNNMCFPAVNSNYLHWFK,Q7T1K6,0.371
A6QLZ7,hard_negative,284,496,MSCVLTGVVPLGLVLLLCGAQGFFLPNVTQLEKLLSKYQGDQPHSRTRRAISRADREEILTLHNKLRGQVSPPASNMEYMTWDEELEKSAVAWARECIWEHGPTSLLVSIGQNLAVHWGRPRSPGSHVQSWYDEVKDYTYPYPHECNPWCPERCSGPMCTHYTQIVWATTNRIGCAVNTCPRMNVWGDVWENAVYLVCNYFPKGNWIGEAPYKTGQPCSECPGKYRGGCKNNLCYQETYGQETETDDMNEVEAAPIPDEKHVWVTPRVIKPKKPKKDSPVNYMTQVVKCDTKMKDKCKGSTCNRYQCPAGCLHSGAKIFGTLFYESASSICRAAIHYGILDDRGGLVDVTRNGKVPFFVKSERNGVQSLSKYKASSSFTVSKVKVQDLDCYTTVAQLCPYEKPGTHCPRVRCPAHCKDEPSYWAPVFGSNIYADTSSICKTAVHAGVIRNESGGYVDVMPVDKKKTYVASLRNGVQSESLRTPRDGKAFRIFAVRQ,P60623,0.371
Q6UXB8,hard_negative,284,463,MHGSCSFLMLLLPLLLLLVATTGPVGALTDEEKRLMVELHNLYRAQVSPTASDMLHMRWDEELAAFAKAYARQCVWGHNKERGRRGENLFAITDEGMDVPLAMEEWHHEREHYNLSAATCSPGQMCGHYTQVVWAKTERIGCGSHFCEKLQGVEETNIELLVCNYEPPGNVKGKRPYQEGTPCSQCPSGYHCKNSLCEPIGSPEDAQDLPYLVTEAPSFRATEASDSRKMGTPSSLATGIPAFLVTEVSGSLATKALPAVETQAPTSLATKDPPSMATEAPPCVTTEVPSILAAHSLPSLDEEPVTFPKSTHVPIPKSADKVTDKTKVPSRSPENSLDPKMSLTGARELLPHAQEEAEAEAELPPSSEVLASVFPAQDKPGELQATLDHTGHTSSKSLPNFPNTSATANATGGRALALQSSLPGAEGPDKPSVVSGLNSGPGHVWGPLLGLLLLPPLVLAGIF,Q8AVA4,0.37
Q9ET66,hard_negative,284,498,MHGSCSPWVMLPPPLLLLLLLIATGPTTALTEDEKQTMVDLHNQYRAQVSPPASDMLQMRWDDELAAFAKAYAQKCVWGHNKERGRRGENLFAITDEGMDVPLAVGNWHEEHEYYNFSTATCDPNQMCGHYTQVVWSKTERIGCGSHFCETLQGVEEANIHLLVCNYEPPGNVKGRKPYQEGTPCSQCPLGYSCENSLCEPMRNPEKAQDSPPRVTEVPSTRATEAPSSRETGTPSLATSETLHFSVTKVSDSLATESSPAVETKAPSSLATEGPSSMATEAQAFVTEVPLVSARHMQPSVDEGPVNFLTSTHIPVPKSMDEEASKSSATSVSPKKSLYPKMSLTESGESVPQIQEEAEPKDELSEPEAILPEAEAAPTEAEVELREPEAESPKAESPEAEAESPLSSEALVPVLPAQERGGQKASLEHSGHPASPSLPTFPSASGNATGGRTLALQSSWTGAENPEKADWDLKNSAHVWGPFLGLLLPSLLLLAGMV,Q8AVA4,0.37
A7X409,hard_negative,357,156,MGRFIFVSLGLLVLAFSLSGIGADQHCPSGWFSHNVSCYKLINDWKTWDEAQRFCMDEQENGQLASINDVGESVKLSDEFSKTWSIIDVWIGLRLSKRKSIWEWIDGSNVTQTRWEEGEPNNFLKKEFCVVLTSRSRYLKWNDKDCNRRHRFLCKF,Q8JIV9,0.369
A7X406,hard_negative,357,156,MGRFIFVSLGLLVLAFSLSGIGADQHCPSGWFSHNVSCYKLINDWKTWDEAQRFCMDEQENGQLASINDVGESVKLSDEISKTWSIIDVWIGLRLSKRKSIWEWIDGSNVTQTRWEEGEPNNFLKKEFCVVLTSRSRYLKWNDKDCNRRHRFLCKF,Q8JIV9,0.369
Q2FWN9,hard_negative,162,351,MKNKKRVLIASSLSCAILLLSAATTQANSAHKDSQDQNKKEHVDKSQQKDKRNVTNKDKNSTAPDDIGKNGKITKRTETVYDEKTNILQNLQFDFIDDPTYDKNVLLVKKQGSIHSNLKFESHKEEKNSNWLKYPSEYHVDFQVKRNRKTEILDQLPKNKISTAKVDSTFSYSSGGKFDSTKGIGRTSSNSYSKTISYNQQNYDTIASGKNNNWHVHWSVIANDLKYGGEVKNRNDELLFYRNTRIATVENPELSFASKYRYPALVRSGFNPEFLTYLSNEKSNEKTQFEVTYTRNQDILKNRPGIHYAPPILEKNKDGQRLIVTYEVDWKNKTVKVVDKYSDDNKPYKEG,Q2FXB0,0.369
Q2YU83,hard_negative,162,351,MKNKKRVLIASSLSCAILLLSAATTQANSAHKDSQDQNKKEHVDKSQQKDKRNVTNKDKNSTVPDDIGKNGKITKRTETVYDEKTNILQNLQFDFIDDPTYDKNVLLVKKQGSIHSNLKFESHKEEKNSNWLKYPSEYHVDFQVKRNRKTEILDQLPKNKISTAKVDSTFSYSSGGKFDSTKGIGRTSSNSYSKTISYNQQKYDTIAIGKNNNWHVHWSVIANDLKYGGEVKNRNDELLFYRNTRIATVENPELSFASKYRYPALVRSGFNPEFLTYLSNEKSNEKTQFEVTYTRNQDILKNRPGIHYAPPILEKNKDGQRLIVTYEVDWKNKTVKVVDKYSDDNKPYKEG,Q2FXB0,0.369
Q2FFA2,hard_negative,162,351,MKNKKRVLIASSLSCAILLLSAATTQANSAHKDSQDQNKKEHVDKSQQKDKRNVTNKDKNSTAPDDIGKNGKITKRTETVYDEKTNILQNLQFDFIDDPTYDKNVLLVKKQGSIHSNLKFESHKEEKNSNWLKYPSEYHVDFQVKRNRKTEILDQLPKNKISTAKVDSTFSYSSGGKFDSTKGIGRTSSNSYSKTISYNQQNYDTIASGKNNNWHVHWSVIANDLKYGGEVKNRNDELLFYRNTRIATVENPELSFASKYRYPALVRSGFNPEFLTYLSNEKSNEKTQFEVTYTRNQDILKNRPGIHYAPPILEKNKDGQRLIVTYEVDWKNKTVKVVDKYSDDNKPYKEG,Q2FXB0,0.369
Q931I5,hard_negative,162,351,MKNKKRVLIASSLSCAILLLSAATTQANSAHKDSQDQNKKEHVDKSQQKDKRNVTNKDKNSTVPDDIGKNGKITKRTETVYDEKTNILQNLQFDFIDDPTYDKNVLLVKKQGSIHSNLKFESHKEEKNSNWLKYPSEYHVDFQVKRNRKTEILDQLPKNKISTAKVDSTFSYSSGGKFDSTKGIGRTSSNSYSKTISYNQQNYDTIASGKNNNWHVHWSVIANDLKYGGEVKNRNDELLFYRNTRIATVENPELSFASKYRYPALVRSGFNPEFLTYLSNEKSNEKTQFEVTYTRNQDILKNRPGIHYAPSILEKNKDGQRLIVTYEVDWKNKTVKVVDKYSDDNKPYKEG,Q2FXB0,0.369
Q5HEH9,hard_negative,162,351,MKNKKRVLIASSLSCAILLLSAATTQANSAHKDSQDQNKKEHVDKSQQKDKRNVTNKDKNSTAPDDIGKNGKITKRTETVYDEKTNILQNLQFDFIDDPTYDKNVLLVKKQGSIHSNLKFESHKEEKNSNWLKYPSEYHVDFQVKRNRKTEILDQLPKNKISTAKVDSTFSYSSGGKFDSTKGIGRTSSNSYSKTISYNQQNYDTIASGKNNNWHVHWSVIANDLKYGGEVKNRNDELLFYRNTRIATVENPELSFASKYRYPALVRSGFNPEFLTYLSNEKSNEKTQFEVTYTRNQDILKNRPGIHYAPPILEKNKDGQRLIVTYEVDWKNKTVKVVDKYSDDNKPYKEG,Q2FXB0,0.369
Q99SN7,hard_negative,162,351,MKNKKRVLIASSLSCAILLLSAATTQANSAHKDSQDQNKKEHVDKSQQKDKRNVTNKDKNSTVPDDIGKNGKITKRTETVYDEKTNILQNLQFDFIDDPTYDKNVLLVKKQGSIHSNLKFESHKEEKNSNWLKYPSEYHVDFQVKRNRKTEILDQLPKNKISTAKVDSTFSYSSGGKFDSTKGIGRTSSNSYSKTISYNQQNYDTIASGKNNNWHVHWSVIANDLKYGGEVKNRNDELLFYRNTRIATVENPELSFASKYRYPALVRSGFNPEFLTYLSNEKSNEKTQFEVTYTRNQDILKNRPGIHYAPPILEKNKDGQRLIVTYEVDWKNKTVKVVDKYSDDNKPYKEG,Q2FXB0,0.369
A3FM55,hard_negative,357,164,MGRFLFASLGLLVVAFSLSGTGANLYCPFDWLSYNVSCYKLFYSLVTWDQAQRFCVEQQENSQLASIHDVGESVKLSNYISQRWGFFDVWMGLRLSKRNGIWEWSDGSNLTYTSWKEGEPNNLFNMEFCAVLSAGTRYLQWNDKKCTLLHPFLCQFQPRSEANG,Q8JIV9,0.368
Q9H0B8,hard_negative,284,497,MSCVLGGVIPLGLLFLVCGSQGYLLPNVTLLEELLSKYQHNESHSRVRRAIPREDKEEILMLHNKLRGQVQPQASNMEYMTWDDELEKSAAAWASQCIWEHGPTSLLVSIGQNLGAHWGRYRSPGFHVQSWYDEVKDYTYPYPSECNPWCPERCSGPMCTHYTQIVWATTNKIGCAVNTCRKMTVWGEVWENAVYFVCNYSPKGNWIGEAPYKNGRPCSECPPSYGGSCRNNLCYREETYTPKPETDEMNEVETAPIPEENHVWLQPRVMRPTKPKKTSAVNYMTQVVRCDTKMKDRCKGSTCNRYQCPAGCLNHKAKIFGTLFYESSSSICRAAIHYGILDDKGGLVDITRNGKVPFFVKSERHGVQSLSKYKPSSSFMVSKVKVQDLDCYTTVAQLCPFEKPATHCPRIHCPAHCKDEPSYWAPVFGTNIYADTSSICKTAVHAGVISNESGGDVDVMPVDKKKTYVGSLRNGVQSESLGTPRDGKAFRIFAVRQ,P60623,0.366
Q58D34,hard_negative,284,464,MHGSGSLLACLLPPLLLLGAAPGPAGALSEEEKHVMVELHNLYRTQVSPPATNMLQMRWDEELAAFAKAYAQQCVWGHNKERGRRGENLFAITGEGLDVPLAMEEWHHEREHYNLSAISCAAGQMCGHYTQVVWAKTERIGCGSHFCEKLQGVEETNIHLLVCNYEPPGNVKGQRPYQEGTPCSQCPLGYHCKNSLCEPIRGPEEAQDLSSLVPEAPSSLATEASSSRREGIDSSLATEPPPFLVTEVSGSLATKVLSSVETKAPSSLVTEDSPSMATKTPLSLATKVPSVLATHSLLSLDKRPATLLPKSTHDPIPKSADKEASSTRMPSRIPESSLHPKISLMGTREPLPLSQEEGEAEAELAHCSEILASVFPAQEKPGELQTTLKHKGHSSSKSLSNSPSASATANAVGGRTLALQSSLPDAEGPGKHGFRSGSNASPGHVGGLLLGLLLLLPLVLAGIF,Q8AVA4,0.364
Q4V9Y5,hard_negative,284,500,MSSAMNWILSLGLFFLLKEQCYCIFAPNSTFLENLLNKYKDTTPHSRTRRAILRTDKEEIIQLHNKLRGQVHPSASNMEYMTWDDELEKSAEAWAEECIWEHGPTALLMSIGQNLAVHWGRYRQPAYHVQSWYDEVKDYTYPYPHECNPYCPERCSGPMCTHYTQIVWATTTKVGCAVNVCKRMNVWGDIWENAVYLVCNYSPKGNWIGEAPYKNGRPCSECPPSYGGNCQNNLCYKGDKHYGREGIVTNEVETPRFPEETPVWDHKKSNKPKAVPKTTQTSTENLMTQAIKCATKMRDSCKGSTCNRYKCPPGCINSKAKVFGTLFYDSMSSICRAAIHYGVIDNSGGLVDITRKGRLQFFVKSTRNSVESISKFKPANSFMVSKVSAQTIDCYTTVAEICQFVKPATHCPRFNCPAHCKNEPSYWAPVIGTNIYADSSSICKTAVHAGVIKDGEGGYVDVMPVEKKKHYFGSNKNGIQSDSIQNHKEGQAFRIFAVKQ,Q7T1K6,0.362
Q05968,hard_negative,284,164,MQTPKLAILLALAMAAAMVNLSQAQNSPQDYVSPHNAARSAVGVGAVSWSTKLQAFAQNYANQRINDCKLQHSGGPYGENIFWGSAGADWKASDAVNSWVSEKKDYDYGSNTCAAGKVCGHYTQVVWRASTSIGCARVVCNNNRGVFITCNYEPRGNIIGQKPY,Q8AVA4,0.358
P35793,hard_negative,284,164,MQTPKLVILLALAMSAAMVNLSQAQNSPQDYVSPHNAARAAVGVGAVSWSTKLQAFAQNYANQRINDCKLQHSGGPYGENIFWGSAGADWKASDAVNSWVSEKKDYDYGSNTCAAGKVCGHYTQVVWRASTSIGCARVVCNNNRGVFITCNYEPRGNIVGQKPY,Q8AVA4,0.358
O34363,hard_negative,59,478,MNSLMNDDMVKIIRNGLSASQHPKHILVIGAGLSGLVSASLLKNAGHRVTILEASGRAGGRVCTLRSPFSDDLYFNAGPMRIPNNHSLTLEYIKKFKLPTNVFINRTPMDIIYANGIKTRLQVFERAPGILRYPVAPNEQGKTSEELMLSLLQPILNFINQNPARNWRIVEEQYKNHSLSSFLNTYFSYGAIDMIGVLLDMEAYMGMSLVEVLRESIFFSSPAHFYEITGGMDLLPHAFLPQLKTNILYHQKMMKMSQGENRVTIHCQHQQTAEFTSFTADLAIVTIPFSTLRFVKVEPYHSFSYYKRRAIRELNYISATKIGIEFKSRFWEKAGQHGGKSITDLPIRFSYYPSRNIGANGHAVILASYTWADEALIWDSLSEGERIQYTLLNLSEIYGDIVWSEFVSGTSFSWSQYPYSAGGFTAFEPGQELELYPYIPVPEGRVHFAGEHASLTHAWMQGAIESGIRVAYEVNRLP,P0DI84,0.357
Q6GF49,hard_negative,162,351,MKNKKRVFIASSLSCVLLLLSAANTEANSANKDSQDQTKKEHVDKAQQKEKRNVNDKDKNTPGPDDIGKNGKVTKRTVSEYDKETNILQNLQFDFIDDPTYDKNVLLVKKQGSIHSNLKFESHRNETNASWLKYPSEYHVDFQVQRNPKTEILDQLPKNKISTAKVDSTFSYSLGGKFDSTKGIGRTSSNSYSKSISYNQQNYDTIASGKNNNRHVHWSVVANDLKYGNEIKNRNDEFLFYRNTRLSTVENPELSFASKYRYPALVRSGFNPEFLTYISNEKSNEKTRFEVTYTRNQDILKNKPGIHYGQPILEQNKDGQRFIVVYEVDWKNKTVKVVEKYSDQNKPYKEG,Q2FXB0,0.356
P0DPU2,hard_negative,284,211,MNFVIYGVIVVLTSQLYVDGWGCQMSERGLDKKMKNKILKHHNELRQKVANGQERGQPTASNMKQLRWNDELAANAQRAAERCIFQHTSDEGRKTTKYGVAGESMYAGTFSNPLKTAVDMWYEEVRDVNPSILDSYDYYPGAVIGHYIQLVWAETEAIGCGYAKSAADGESYVFCHYAPHGLFPQQSVYKRGSPASACKKGQSSRYPGLCK,Q8AVA4,0.352
P35792,hard_negative,284,164,MQTPKLAILLALAMAAAMVNLSQAQNSPQDYVSPHNAARSAVGVGAVSWSTKLQAFAQNYANQRINDCKLQHSGGPYGENIFWGSAGADWKAADAVNSWVNEKKDYNYGSNTCAAGKVCGHYTQVVWRASTSIGCARVVCNNNRGVFITCNYEPRGNIVGQKPY,Q8AVA4,0.351
P85840,hard_negative,284,416,MKGILLLFLKLVVLFVYLCSSVLSECPALYRRYSKEHTFCKTKNQKCNIKRWGVSQDDRNTIINLHNKVRNNIALGQDQSGRLPAAGDMLEMEWDDELAQIAQKLADQCVFKHDCDDCRKVENFDVGQNIFTTTITAVEIPDPFWVDAIRSWYNEIYRFTRDFIKPFTSDHATGHFTQMVWSKTWRVGCGYVLYEKRKDSWTQLYVCNYGPAGNLDDSELYKVDKPCEKCPSNTCCGSHCKKKKSTSYLGLCDVLNGSGPDFDETDFSNYIFNCDFKPESSSDCNNKVEGSNKWQTRQIISDVYKTVVLNGGENTVLKFTSNIQSKDGFCLTVSFRKGPNIAGTNNVGEFDVQLERKGAKPLNFRLDSDGNQFLPYSMGIPMNHPMQINIKFSVPKGAPAQYLDISYIRARPGLCN,Q8AVA3,0.349
Q5UCA8,hard_negative,318,178,MAEAIIPAAELSIKTLQNIVEGITGVDRKIAIGFKNLTDYTLENLGVYFNSGSSDRSIAYKINAQEALLFSARKSDHTARGTVGTFSYYIQDEDKTVHVMWSVPFDYNLYSNWWNIAVVDGRQPPDSNVHDNLYNGSGGMPYPNKPDQYINNEQKGFHLFGSMTNNGQATIEVELKKA,P07845,0.348
Q8BZQ2,hard_negative,284,495,MSCLLNNMVLMGLALLVCGVQAFFLPNTTSLEKLLSKYQHAEPHSRVRRAIPMSDRQEILMLHNKLRGQVYPPASNMEHMTWDEELERSAAAWAHRCLWEHGPAGLLRSIGQNLAVHWGRYRSPGFHVQSWYDEVKDYTYPYPHECTPRCRERCSGPMCTHYTQMVWATTNKIGCAVHTCRNMNVWGDTWENAVYLVCNYSPKGNWIGEAPYKHGRPCSECPSSYGGGCLNNLCHRAEKPHKHKPEVDMMNEVESPPAPEETHVWVQPRVIKTKKTPVINFMTQVVHCDTKMKDSCKGSTCNRYQCPAGCLSNKAKVFGSLFYESSSSICRAAIHYGVIDDRGGLVDVTRNGMVPFFVKSQKNGMESLSKYKPSSSFTVSKVTETAVDCHATVAQLCPFEKPATHCPRIQCPARCGEEPSYWAPVYGTNIYADTSSICKAAVHAGVIVDEVGGYADVMPVDKKKSYVGSLRNGVQSESLNTPQNGNAFRIFAVRQ,P60623,0.347
P80090,hard_negative,439,122,MASVHLTLTKAFMVTVFLTLLLNVSITRGTTQHTCSILSRPHPRGLCGSTLANMVQWLCSTYTTSSKVKRQAEPDEEDDAMSKIMISKKRALSYLTKRESRPSIVCECCFNQCTVQELLAYC,A0A0B5ADT9,0.344
Q08697,hard_negative,284,175,MKSSIFVACFITFIIFHSSQAQTPRENFLNAHNAARRRVGVGPMTWDDGLAAYAQNYANQRADDCGMIHSDGPYGENLAAAFPQLNAAGAVKMWDDEKQWYDYNSNTCAPGKVCGHYTQVVWRKSVRLGCARVRCNSGWVFITCNYDPPGNYIDNVYGDLEEQKPDFDSKLELPN,Q8AVA4,0.338
Q41359,hard_negative,284,167,MAHNHWCNLFSVALVCVVALVMVQYSVAQNSPQDYVDAHNAARSAVNVGPVTWDESVAAFARQYAQSRAGDCRLVHSGDPRYGENLAFGSGFELTGRNAVDMWVAERNDYNPNTNTCAPGKVCGHYTQVVWRNSVRIGCARVRCNNGAWFITCNYSPPGNYAGQRPY,Q8AVA3,0.335
P07223,hard_negative,439,123,MAGVRLVFTKAFMVTVLLTLLLNIGVKPAEGQFSACNINDRPHRRGVCGSALADLVDFACSSSNQPAMVKRNAETDLDDPLRNIKLSSESALTYLTKRQGTTNIVCECCMKPCTLSELRQYCP,A0A0B5ADT9,0.33
P11670,hard_negative,284,177,MGFLTTIVACFITFAILIHSSKAQNSPQDYLNPHNAARRQVGVGPMTWDNRLAAYAQNYANQRIGDCGMIHSHGPYGENLAAAFPQLNAAGAVKMWVDEKRFYDYNSNSCVGGVCGHYTQVVWRNSVRLGCARVRSNNGWFFITCNYDPPGNFIGQRPFGDLEEQPFDSKLELPTDV,Q8AVA4,0.326
A2A5I3,hard_negative,284,253,MPLLSSIVGLTGLLLWMGHTVGALRMPNTTLVQGRPKNTAVWPLSGLGVPRHRRKRHISARDMSALLDYHNHIRASVHPPAANMEYMVWDEQLARSAEAWATQCIWTHGPSQLMKYVGQNLSIHSGRFRSVVDLVRSWSEEKRHYSFPAPKDCTPHCPWLCSGPVCSHYTQMVWASSSRLGCAINTCSSINVWGNTWQQAVYLVCNYAIKGNWIGEAPYKAGKPCSACPPSYQGNCNSNMCFSGLKSNRLPWV,P60623,0.324
Q9H3Y0,hard_negative,284,253,MPLLPSTVGLAGLLFWAGQAVNALIMPNATPAPAQPESTAMRLLSGLEVPRYRRKRHISVRDMNALLDYHNHIRASVYPPAANMEYMVWDKRLARAAEAWATQCIWAHGPSQLMRYVGQNLSIHSGQYRSVVDLMKSWSEEKWHYLFPAPRDCNPHCPWRCDGPTCSHYTQMVWASSNRLGCAIHTCSSISVWGNTWHRAAYLVCNYAIKGNWIGESPYKMGKPCSSCPPSYQGSCNSNMCFKGLKSNKFTWF,Q8AVA4,0.321
Q9NDE7,hard_negative,439,156,MSKFLLQSHSANACLLTLLLTLASNLDISLANFEHSCNGYMRPHPRGLCGEDLHVIISNLCSSLGGNRRFLAKYMVKRDTENVNDKLRGILLNKKEAFSYLTKREASGSITCECCFNQCRIFELAQYCRLPDHFFSRISRTGRSNSGHAQLEDNFS,A0A0B5ADT9,0.317
P08299,hard_negative,284,168,MGFVLFSQLPSFLLVSTLLLFLVISHSCRAQNSQQDYLDAHNTARADVGVEPLTWDDQVAAYAQNYASQLAADCNLVHSHGQYGENLAEGSGDFMTAAKAVEMWVDEKQYYDHDSNTCAQGQVCGHYTQVVWRNSVRVGCARVQCNNGGYVVSCNYDPPGNYRGESPY,Q8AVA4,0.314
P07053,hard_negative,284,168,MGFFLFSQMPSFFLVSTLLLFLIISHSSHAQNSQQDYLDAHNTARADVGVEPLTWDNGVAAYAQNYVSQLAADCNLVHSHGQYGENLAQGSGDFMTAAKAVEMWVDEKQYYDHDSNTCAQGQVCGHYTQVVWRNSVRVGCARVKCNNGGYVVSCNYDPPGNVIGQSPY,Q8AVA4,0.314
Q00008,hard_negative,284,167,MEASNKLAVLLLWLVMAAATAVHPSYSENSPQDYLTPQNSARAAVGVGPVTWSTKLQQFAEKYAAQRAGDCRLQHSGGPYGENIFWGSAGFDWKAVDAVRSWVDEKQWYNYATNSCAAGKVCGHYTQVVWRATTSIGCARVVCRDNRGVFIICNYEPRGNIAGMKPY,P60623,0.314
Q9CQ35,hard_negative,284,332,MKASLPWSVVWRAQSNYVRLRRVLKLCELWLLLVGSGLNAKLPLEEDVDFINEYVGLHNELRGTVFPPGVNLRFMTWDVALSRTARAWGKKCMYSRNTHLDKLHESHPVFTEIGENMWVGPVEDFTVTTAIRSWHEERKSYSYLNDTCVEDQNCSHYIQLVWDSSYKVGCAVTSCARAGGFTHAALFICNYAPGGTLTRRPYQAGQFCSRCGPGDQCTDYLCSNTVRDEATYYQFWYPPWEKPRPVVCNPMCIFILFLRVASLLLCVIVVLIVQSRFPVILMETPTIISAEEEGKTEVEIVMEEGEGEGEGGEGEGEGEEKEEEEMLEEDEQ,Q8JI39,0.306
A0A218QX58,hard_negative,284,402,MNLALFIIFATIFENVVPENCPKMYRRLSKSHTFCTPSTCKIEAGGKVTESDKQTILETHNQLRNKLATGKENQYQKLSSAANMMQMEWDDELAAVAQAHANQCKFEHDSGDQRAVGNFSVGQNLLETSGIFSIDWGKVKIWYTTEVDDFYPEYNKPFQFHGSYGHFSQVIWAKTWKVGCGVAGYVENGVKKVLYTCNYGPAGNLVGSEAYQVGSPCSACPENTKCSATYPGLCKSITPDGPQIRRPSSKDYLLYCDFSDKDPKACKDVTMTGSRPFTTQKLYTGKYVTQVFNAGENMTINFGKFEHKGGLCAFLIGRFGPNVAGETAASEVNFHFSAPHLIFPEGMKETRPITSWHTIGILMRWDKELQISYVFKVKPPTAKPPPQYFEFKEYGVKGGSCP,Q8JI39,0.305
Q40374,hard_negative,284,173,MSFRCFSFALFLLLLTFISHVSASYIPNKKSFKSRSFKNQFLIPQNIARAAVGLRPLVWDDKLTHYAQWYANQRRNDCALEHSNGPYGENIFWGSGVGWNPAQAVSAWVDEKQFYNYWHNSCVDGEMCGHYTQVVWGSTTKVGCASVVCSDDKGTFMTCNYDPPGNYYGERPY,Q8AVA4,0.304
P09042,hard_negative,284,168,MEFVLFSQMSSFFLVSTLLLFLIISHSCHAQNSQQDYLDAHNTARADVGVEPLTWDDQVAAYAQNYASQLAADCNLVHSHGQYGENLAWGSGDFLTAAKAVEMWVNEKQYYAHDSNTCAQGQVCGHYTQVVWRNSVRVGCARVQCNNGGYIVSCNYDPPGNVIGKSPY,Q8AVA4,0.301
Q9ZNS4,hard_negative,284,161,MKVTSYSRILIILAALVGALVVPLKAQDSQQDYVNAHNQARSQIGVGPMQWDEGLAAYARNYANQLKGDCRLVHSRGPYGENLAKSGGDLSGVAAVNLWVNEKANYNYDTNTCNGVCGHYTQVVWRNSVRLGCAKVRCNNGGTIISCNYDPPGNYANQKPY,Q8AVA4,0.3
